[
    {
        "uuid": "8ccfb3f2-9a1b-43fa-b030-13b8d826b857",
        "class": "signature",
        "confidence": 0.9773558378219604,
        "bbox": [
            851,
            2245,
            1482,
            2430
        ],
        "text": "",
        "parent": "63194c31-e20c-436e-90bd-bbb0d1b6ad4c",
        "Model": "YOLO",
        "child": []
    },
    {
        "uuid": "fcb61351-2ab2-4812-87ad-9d4bb3187990",
        "class": "signature",
        "confidence": 0.8746067881584167,
        "bbox": [
            1595,
            2237,
            2210,
            2438
        ],
        "text": "",
        "parent": "962c4541-5723-46ac-80bb-45e364bd0d20",
        "Model": "YOLO",
        "child": []
    },
    {
        "uuid": "d1c403a7-5a97-457f-9e0c-a2025524b35d",
        "class": "boxInput",
        "confidence": 0.766650915145874,
        "bbox": [
            405,
            1588,
            2243,
            1651
        ],
        "text": "",
        "parent": "7da37924-94ba-4798-b4ae-eacde49d549a",
        "Model": "YOLO",
        "child": []
    },
    {
        "uuid": "e0f3f539-e4bd-4b2d-9040-eeede7f84cde",
        "class": "boxInput",
        "confidence": 0.7511256337165833,
        "bbox": [
            1690,
            218,
            2225,
            290
        ],
        "text": "",
        "parent": "c883a4eb-78e4-4bad-b3b5-efe86949de94",
        "Model": "YOLO",
        "child": []
    },
    {
        "uuid": "a5887e44-b6d3-42db-bae6-f8536ce3039f",
        "class": "boxInput",
        "confidence": 0.7268276214599609,
        "bbox": [
            413,
            891,
            858,
            963
        ],
        "text": "",
        "parent": "403f7324-4f0a-426e-aa8c-6c0903179417",
        "Model": "YOLO",
        "child": []
    },
    {
        "uuid": "f47a1ea5-3da2-4f9e-81a3-4f1f8a3a528a",
        "class": "boxInput",
        "confidence": 0.7190621495246887,
        "bbox": [
            390,
            816,
            1439,
            883
        ],
        "text": "",
        "parent": "c4b9420a-e631-448b-a2a9-e9c37e3eabc6",
        "Model": "YOLO",
        "child": []
    },
    {
        "uuid": "f1640255-ad5f-46cb-ad42-0097afa44044",
        "class": "boxInput",
        "confidence": 0.7116532921791077,
        "bbox": [
            1709,
            890,
            2261,
            963
        ],
        "text": "",
        "parent": "464ac9bc-8806-42f5-9434-090710364e47",
        "Model": "YOLO",
        "child": []
    },
    {
        "uuid": "0219acdc-5538-47c1-a67f-28a6eecd9cd3",
        "class": "boxInput",
        "confidence": 0.7053065299987793,
        "bbox": [
            397,
            1165,
            1180,
            1232
        ],
        "text": "",
        "parent": "345464ab-d33c-4f8f-9078-ab2242972af8",
        "Model": "YOLO",
        "child": []
    },
    {
        "uuid": "83ac14d1-8d7a-4694-aeb9-2b32996d6c41",
        "class": "checkBox",
        "confidence": 0.6866014003753662,
        "bbox": [
            754,
            567,
            849,
            643
        ],
        "text": "",
        "parent": "12263b71-e982-4cb2-beef-e3ab485d32dd",
        "Model": "YOLO",
        "child": []
    },
    {
        "uuid": "52d2ba66-6db7-477b-bc20-be18400c5e8a",
        "class": "boxInput",
        "confidence": 0.6492753028869629,
        "bbox": [
            419,
            968,
            2289,
            1033
        ],
        "text": "",
        "parent": "5c98d6b2-52f1-4459-9660-ee0748851242",
        "Model": "YOLO",
        "child": []
    },
    {
        "uuid": "0d2c973e-4de2-44cf-9600-d027f6fbc89e",
        "class": "boxInput",
        "confidence": 0.6355304718017578,
        "bbox": [
            417,
            1034,
            2295,
            1096
        ],
        "text": "",
        "parent": "c56ca875-08f1-4a76-864b-71abd41caf18",
        "Model": "YOLO",
        "child": []
    },
    {
        "uuid": "7540927b-0133-45b7-a8bb-9f09ef5d0a4f",
        "class": "boxInput",
        "confidence": 0.6334598660469055,
        "bbox": [
            410,
            1515,
            1124,
            1582
        ],
        "text": "",
        "parent": "65e48cb6-5a79-433b-8be7-4eba45306169",
        "Model": "YOLO",
        "child": []
    },
    {
        "uuid": "2b089fd5-cc26-4672-af92-f914a9d95735",
        "class": "boxInput",
        "confidence": 0.6323598027229309,
        "bbox": [
            418,
            1447,
            2235,
            1524
        ],
        "text": "",
        "parent": "da172ad4-aeb8-4dc2-a6a2-415038ff3bb4",
        "Model": "YOLO",
        "child": []
    },
    {
        "uuid": "93c8af72-8e32-413f-a555-74073fa010ed",
        "class": "boxInput",
        "confidence": 0.6262508034706116,
        "bbox": [
            1582,
            289,
            2242,
            362
        ],
        "text": "",
        "parent": "9560558b-8b73-4e6d-846b-49022f319e29",
        "Model": "YOLO",
        "child": []
    },
    {
        "uuid": "e63b3468-f5c6-4b17-b800-a42069bb6463",
        "class": "boxInput",
        "confidence": 0.6248471736907959,
        "bbox": [
            420,
            1102,
            2266,
            1171
        ],
        "text": "",
        "parent": "c56ca875-08f1-4a76-864b-71abd41caf18",
        "Model": "YOLO",
        "child": []
    },
    {
        "uuid": "15819300-764b-4b85-8cd8-7b83811aa720",
        "class": "signature",
        "confidence": 0.5402045249938965,
        "bbox": [
            138,
            2245,
            757,
            2420
        ],
        "text": "",
        "parent": "c757b68b-d3e5-486e-9b75-a48f5b955c26",
        "Model": "YOLO",
        "child": []
    },
    {
        "uuid": "d01138cf-f8a3-4f3f-bfe2-17848327e018",
        "class": "boxInput",
        "confidence": 0.5092387199401855,
        "bbox": [
            415,
            1317,
            2237,
            1385
        ],
        "text": "",
        "parent": "3984ab01-02c5-4ae3-a95f-afbc5c0f7854",
        "Model": "YOLO",
        "child": []
    },
    {
        "uuid": "146fedc4-181a-4c4f-b2db-a83c817113d1",
        "class": "lineInput",
        "confidence": 0.5089089870452881,
        "bbox": [
            1084,
            1870,
            1392,
            1912
        ],
        "text": "",
        "parent": "",
        "Model": "YOLO",
        "child": []
    },
    {
        "uuid": "b8ad8815-2c59-493b-befc-45d777701c4e",
        "class": "lineInput",
        "confidence": 0.49924802780151367,
        "bbox": [
            1214,
            2979,
            1653,
            3043
        ],
        "text": "",
        "parent": "",
        "Model": "YOLO",
        "child": []
    },
    {
        "uuid": "0094dbb8-0708-4b33-a425-b76663fd4735",
        "class": "lineInput",
        "confidence": 0.4755920171737671,
        "bbox": [
            786,
            2739,
            1165,
            2795
        ],
        "text": "",
        "parent": "6f6e182b-284c-45a6-a4db-984bd1e1f1e7",
        "Model": "YOLO",
        "child": []
    },
    {
        "uuid": "82ec56d9-ad5d-45e7-803b-47512366b8ca",
        "class": "lineInput",
        "confidence": 0.36865338683128357,
        "bbox": [
            1427,
            2662,
            2178,
            2720
        ],
        "text": "",
        "parent": "fde8e708-11f2-467c-ae57-8a8b1024f008",
        "Model": "YOLO",
        "child": []
    },
    {
        "uuid": "b9960e40-baa9-4b0f-8f9f-9b82d0135557",
        "class": "lineInput",
        "confidence": 0.3612613379955292,
        "bbox": [
            1429,
            2733,
            2164,
            2797
        ],
        "text": "",
        "parent": "6cb472cd-1959-45e5-bc1c-0f5fe892b32d",
        "Model": "YOLO",
        "child": []
    },
    {
        "uuid": "2f9d8453-6e0f-4255-ba15-b06e25fb2974",
        "class": "lineInput",
        "confidence": 0.3450714349746704,
        "bbox": [
            126,
            2813,
            2170,
            2886
        ],
        "text": "",
        "parent": "6cb472cd-1959-45e5-bc1c-0f5fe892b32d",
        "Model": "YOLO",
        "child": []
    },
    {
        "uuid": "f562f9f9-b13c-4b33-84c9-e73ed304ca7f",
        "class": "lineInput",
        "confidence": 0.3286809027194977,
        "bbox": [
            760,
            1660,
            2192,
            1726
        ],
        "text": "",
        "parent": "46335d67-a8ad-4d3a-9638-476222ad61fd",
        "Model": "YOLO",
        "child": []
    },
    {
        "uuid": "56fc6a68-84a3-4375-bd76-9153f5d4157a",
        "class": "lineInput",
        "confidence": 0.3165976405143738,
        "bbox": [
            204,
            3028,
            691,
            3100
        ],
        "text": "",
        "parent": "ae350360-d673-4b52-873d-ff7a1d6af10c",
        "Model": "YOLO",
        "child": []
    },
    {
        "uuid": "18b867b9-9fca-4a65-b7de-682b938d44b8",
        "class": "lineInput",
        "confidence": 0.3116876780986786,
        "bbox": [
            1111,
            2908,
            1655,
            2966
        ],
        "text": "",
        "parent": "a945ee19-0f29-4794-9a38-9e4695316214",
        "Model": "YOLO",
        "child": []
    },
    {
        "uuid": "ddc9e826-c029-4169-8a2c-b46973e739d7",
        "class": "lineInput",
        "confidence": 0.2956661581993103,
        "bbox": [
            1733,
            396,
            2233,
            458
        ],
        "text": "",
        "parent": "d23330f6-1d7a-40dd-b8bc-3d79188a778d",
        "Model": "YOLO",
        "child": []
    },
    {
        "uuid": "f265db1c-5b9b-4886-bdad-f5379b0101b7",
        "class": "lineInput",
        "confidence": 0.28276658058166504,
        "bbox": [
            942,
            387,
            1394,
            454
        ],
        "text": "",
        "parent": "caacf972-ebfc-46b3-8597-9e0c8fa1a6b5",
        "Model": "YOLO",
        "child": []
    },
    {
        "id": "9ea59cde-a0cd-4890-a546-57c20d08bcbf",
        "class": "boxInput",
        "confidence": 1,
        "bbox": [
            403,
            1385,
            1427,
            1452
        ],
        "text": "",
        "parent": "cb1f6d45-c9fb-4f45-b590-e00250cc961f",
        "uuid": "97429b48-a17c-406b-9f81-cb60aad6334a",
        "Model": "YOLO",
        "child": []
    },
    {
        "id": "fc4d9a4d-abb6-4528-b221-61ca7ef6ddf0",
        "class": "EmptyInput",
        "confidence": 1,
        "bbox": [
            416,
            2656,
            1168,
            2713
        ],
        "text": "",
        "parent": "",
        "uuid": "1a4f264d-4293-4648-9844-1528a6113f1e",
        "Model": "YOLO",
        "child": []
    },
    {
        "id": "1cd608c5-d355-43d4-a7c8-c589d113232a",
        "class": "EmptyInput",
        "confidence": 1,
        "bbox": [
            160,
            2949,
            654,
            3026
        ],
        "text": "",
        "parent": "",
        "uuid": "cd4d3e3c-7b4d-49e5-890a-dfb23bf46575",
        "Model": "YOLO",
        "child": []
    },
    {
        "id": "0e39496e-0f5d-43bc-b0f6-bf90d50e2f95",
        "class": "EmptyInput",
        "confidence": 1,
        "bbox": [
            114,
            448,
            2136,
            521
        ],
        "text": "",
        "parent": "d23330f6-1d7a-40dd-b8bc-3d79188a778d",
        "uuid": "5c91838a-1d1a-445e-b043-c41501bae21c",
        "Model": "YOLO",
        "child": []
    },
    {
        "id": "edae0855-5653-400f-a994-b6a02c633c90",
        "class": "checkBox",
        "confidence": 1,
        "bbox": [
            110,
            566,
            192,
            632
        ],
        "text": "",
        "parent": "c2e0bb91-73f3-4b8f-ba0d-b455515f89f7",
        "uuid": "f2dd95cf-01ab-4058-9bf2-db5b970cd899",
        "Model": "YOLO",
        "child": []
    },
    {
        "id": "6cc5c2d7-855a-4f89-a850-5f1b75492fd7",
        "class": "checkBox",
        "confidence": 1,
        "bbox": [
            420,
            576,
            508,
            636
        ],
        "text": "",
        "parent": "dc0d38ec-ce7f-4a32-b7a5-feb2076e5869",
        "uuid": "82488456-d249-48dd-b37b-b3c3ee5f5efb",
        "Model": "YOLO",
        "child": []
    },
    {
        "id": "59c46c6e-e963-4929-948b-c306bc425b14",
        "class": "EmptyInput",
        "confidence": 1,
        "bbox": [
            117,
            271,
            638,
            356
        ],
        "text": "",
        "parent": "2066d16c-66e3-4fea-bc77-c18805275d64",
        "uuid": "f71634c2-e980-4128-9ff1-8d948f992910",
        "Model": "YOLO",
        "child": []
    },
    {
        "uuid": "c883a4eb-78e4-4bad-b3b5-efe86949de94",
        "class": "Label",
        "confidence": 0.9976589679718018,
        "bbox": [
            1595,
            220,
            1703,
            278
        ],
        "text": "Date",
        "child": [
            "e0f3f539-e4bd-4b2d-9040-eeede7f84cde"
        ],
        "Model": "PADDLE",
        "parent": ""
    },
    {
        "uuid": "2066d16c-66e3-4fea-bc77-c18805275d64",
        "class": "Label",
        "confidence": 0.959921658039093,
        "bbox": [
            652,
            270,
            799,
            365
        ],
        "text": "Branch",
        "child": [
            "f71634c2-e980-4128-9ff1-8d948f992910"
        ],
        "Model": "PADDLE",
        "parent": ""
    },
    {
        "uuid": "9560558b-8b73-4e6d-846b-49022f319e29",
        "class": "Label",
        "confidence": 0.8694050908088684,
        "bbox": [
            1425,
            283,
            1601,
            337
        ],
        "text": "PAN No.",
        "child": [
            "93c8af72-8e32-413f-a555-74073fa010ed"
        ],
        "Model": "PADDLE",
        "parent": ""
    },
    {
        "uuid": "caacf972-ebfc-46b3-8597-9e0c8fa1a6b5",
        "class": "Label",
        "confidence": 0.9539227485656738,
        "bbox": [
            121,
            406,
            954,
            452
        ],
        "text": "NEFT/RTGS a sum of",
        "child": [
            "f265db1c-5b9b-4886-bdad-f5379b0101b7"
        ],
        "Model": "PADDLE",
        "parent": ""
    },
    {
        "uuid": "d23330f6-1d7a-40dd-b8bc-3d79188a778d",
        "class": "Label",
        "confidence": 0.9764330387115479,
        "bbox": [
            1386,
            405,
            1731,
            459
        ],
        "text": "Rupees in words",
        "child": [
            "5c91838a-1d1a-445e-b043-c41501bae21c",
            "ddc9e826-c029-4169-8a2c-b46973e739d7"
        ],
        "Model": "PADDLE",
        "parent": ""
    },
    {
        "uuid": "c2e0bb91-73f3-4b8f-ba0d-b455515f89f7",
        "class": "Label",
        "confidence": 0.9706231355667114,
        "bbox": [
            210,
            580,
            310,
            629
        ],
        "text": "Cash",
        "child": [
            "f2dd95cf-01ab-4058-9bf2-db5b970cd899"
        ],
        "Model": "PADDLE",
        "parent": ""
    },
    {
        "uuid": "dc0d38ec-ce7f-4a32-b7a5-feb2076e5869",
        "class": "Label",
        "confidence": 0.9664389491081238,
        "bbox": [
            508,
            575,
            674,
            630
        ],
        "text": "Cheque",
        "child": [
            "82488456-d249-48dd-b37b-b3c3ee5f5efb"
        ],
        "Model": "PADDLE",
        "parent": ""
    },
    {
        "uuid": "12263b71-e982-4cb2-beef-e3ab485d32dd",
        "class": "Label",
        "confidence": 0.9602909684181213,
        "bbox": [
            860,
            574,
            1281,
            639
        ],
        "text": "Debit my / our account",
        "child": [
            "83ac14d1-8d7a-4694-aeb9-2b32996d6c41"
        ],
        "Model": "PADDLE",
        "parent": ""
    },
    {
        "uuid": "c4b9420a-e631-448b-a2a9-e9c37e3eabc6",
        "class": "Label",
        "confidence": 0.9879698753356934,
        "bbox": [
            111,
            828,
            364,
            867
        ],
        "text": "Account Number",
        "child": [
            "f47a1ea5-3da2-4f9e-81a3-4f1f8a3a528a"
        ],
        "Model": "PADDLE",
        "parent": ""
    },
    {
        "uuid": "403f7324-4f0a-426e-aa8c-6c0903179417",
        "class": "Label",
        "confidence": 0.9815024137496948,
        "bbox": [
            101,
            887,
            364,
            940
        ],
        "text": "Cheque Number",
        "child": [
            "a5887e44-b6d3-42db-bae6-f8536ce3039f"
        ],
        "Model": "PADDLE",
        "parent": ""
    },
    {
        "uuid": "464ac9bc-8806-42f5-9434-090710364e47",
        "class": "Label",
        "confidence": 0.9648439288139343,
        "bbox": [
            1498,
            914,
            1698,
            950
        ],
        "text": "Cheque Date",
        "child": [
            "f1640255-ad5f-46cb-ad42-0097afa44044"
        ],
        "Model": "PADDLE",
        "parent": ""
    },
    {
        "uuid": "5c98d6b2-52f1-4459-9660-ee0748851242",
        "class": "Label",
        "confidence": 0.9367125630378723,
        "bbox": [
            105,
            959,
            371,
            1009
        ],
        "text": "Remitter's Name",
        "child": [
            "52d2ba66-6db7-477b-bc20-be18400c5e8a"
        ],
        "Model": "PADDLE",
        "parent": ""
    },
    {
        "uuid": "c56ca875-08f1-4a76-864b-71abd41caf18",
        "class": "Label",
        "confidence": 0.988251268863678,
        "bbox": [
            101,
            1028,
            247,
            1083
        ],
        "text": "Address",
        "child": [
            "0d2c973e-4de2-44cf-9600-d027f6fbc89e",
            "e63b3468-f5c6-4b17-b800-a42069bb6463"
        ],
        "Model": "PADDLE",
        "parent": ""
    },
    {
        "uuid": "345464ab-d33c-4f8f-9078-ab2242972af8",
        "class": "Label",
        "confidence": 0.9915297031402588,
        "bbox": [
            105,
            1174,
            403,
            1217
        ],
        "text": "Mobile/OtherNumber",
        "child": [
            "0219acdc-5538-47c1-a67f-28a6eecd9cd3"
        ],
        "Model": "PADDLE",
        "parent": ""
    },
    {
        "uuid": "3984ab01-02c5-4ae3-a95f-afbc5c0f7854",
        "class": "Label",
        "confidence": 0.9536399841308594,
        "bbox": [
            101,
            1309,
            403,
            1359
        ],
        "text": "Beneticiary's Name",
        "child": [
            "d01138cf-f8a3-4f3f-bfe2-17848327e018"
        ],
        "Model": "PADDLE",
        "parent": ""
    },
    {
        "uuid": "cb1f6d45-c9fb-4f45-b590-e00250cc961f",
        "class": "Label",
        "confidence": 0.9869080185890198,
        "bbox": [
            105,
            1385,
            364,
            1428
        ],
        "text": "Account Number",
        "child": [
            "97429b48-a17c-406b-9f81-cb60aad6334a"
        ],
        "Model": "PADDLE",
        "parent": ""
    },
    {
        "uuid": "da172ad4-aeb8-4dc2-a6a2-415038ff3bb4",
        "class": "Label",
        "confidence": 0.9628899693489075,
        "bbox": [
            101,
            1447,
            296,
            1501
        ],
        "text": "Bank Name",
        "child": [
            "2b089fd5-cc26-4672-af92-f914a9d95735"
        ],
        "Model": "PADDLE",
        "parent": ""
    },
    {
        "uuid": "65e48cb6-5a79-433b-8be7-4eba45306169",
        "class": "Label",
        "confidence": 0.9369374513626099,
        "bbox": [
            101,
            1520,
            364,
            1574
        ],
        "text": "fs code (11-digit)",
        "child": [
            "7540927b-0133-45b7-a8bb-9f09ef5d0a4f"
        ],
        "Model": "PADDLE",
        "parent": ""
    },
    {
        "uuid": "7da37924-94ba-4798-b4ae-eacde49d549a",
        "class": "Label",
        "confidence": 0.9678309559822083,
        "bbox": [
            101,
            1589,
            351,
            1639
        ],
        "text": "Branch Address",
        "child": [
            "d1c403a7-5a97-457f-9e0c-a2025524b35d"
        ],
        "Model": "PADDLE",
        "parent": ""
    },
    {
        "uuid": "46335d67-a8ad-4d3a-9638-476222ad61fd",
        "class": "Label",
        "confidence": 0.9392633438110352,
        "bbox": [
            102,
            1672,
            780,
            1722
        ],
        "text": "Sender to Receiver information (if any):",
        "child": [
            "f562f9f9-b13c-4b33-84c9-e73ed304ca7f"
        ],
        "Model": "PADDLE",
        "parent": ""
    },
    {
        "uuid": "c757b68b-d3e5-486e-9b75-a48f5b955c26",
        "class": "Label",
        "confidence": 0.9943037033081055,
        "bbox": [
            115,
            2378,
            269,
            2414
        ],
        "text": "Signature",
        "child": [
            "15819300-764b-4b85-8cd8-7b83811aa720"
        ],
        "Model": "PADDLE",
        "parent": ""
    },
    {
        "uuid": "63194c31-e20c-436e-90bd-bbb0d1b6ad4c",
        "class": "Label",
        "confidence": 0.9973983764648438,
        "bbox": [
            833,
            2381,
            987,
            2417
        ],
        "text": "Signature1",
        "child": [
            "8ccfb3f2-9a1b-43fa-b030-13b8d826b857"
        ],
        "Model": "PADDLE",
        "parent": ""
    },
    {
        "uuid": "962c4541-5723-46ac-80bb-45e364bd0d20",
        "class": "Label",
        "confidence": 0.9963862895965576,
        "bbox": [
            1554,
            2384,
            1708,
            2421
        ],
        "text": "Signature2",
        "child": [
            "fcb61351-2ab2-4812-87ad-9d4bb3187990"
        ],
        "Model": "PADDLE",
        "parent": ""
    },
    {
        "uuid": "fde8e708-11f2-467c-ae57-8a8b1024f008",
        "class": "Label",
        "confidence": 0.9914286732673645,
        "bbox": [
            1170,
            2671,
            1433,
            2714
        ],
        "text": "Account Number",
        "child": [
            "82ec56d9-ad5d-45e7-803b-47512366b8ca"
        ],
        "Model": "PADDLE",
        "parent": ""
    },
    {
        "uuid": "6f6e182b-284c-45a6-a4db-984bd1e1f1e7",
        "class": "Label",
        "confidence": 0.964317798614502,
        "bbox": [
            440,
            2744,
            802,
            2789
        ],
        "text": "Please remit through NEFT/RTGS a sum of",
        "child": [
            "0094dbb8-0708-4b33-a425-b76663fd4735"
        ],
        "Model": "PADDLE",
        "parent": ""
    },
    {
        "uuid": "6cb472cd-1959-45e5-bc1c-0f5fe892b32d",
        "class": "Label",
        "confidence": 0.9403666257858276,
        "bbox": [
            1161,
            2747,
            1439,
            2790
        ],
        "text": "(Rupees in words",
        "child": [
            "b9960e40-baa9-4b0f-8f9f-9b82d0135557",
            "2f9d8453-6e0f-4255-ba15-b06e25fb2974"
        ],
        "Model": "PADDLE",
        "parent": ""
    },
    {
        "uuid": "a945ee19-0f29-4794-9a38-9e4695316214",
        "class": "Label",
        "confidence": 0.9493101835250854,
        "bbox": [
            911,
            2908,
            1127,
            2960
        ],
        "text": "Reference no..",
        "child": [
            "18b867b9-9fca-4a65-b7de-682b938d44b8"
        ],
        "Model": "PADDLE",
        "parent": ""
    },
    {
        "uuid": "ae350360-d673-4b52-873d-ff7a1d6af10c",
        "class": "Label",
        "confidence": 0.9634560346603394,
        "bbox": [
            115,
            3054,
            216,
            3090
        ],
        "text": "Date:",
        "child": [
            "56fc6a68-84a3-4375-bd76-9153f5d4157a"
        ],
        "Model": "PADDLE",
        "parent": ""
    },
    {
        "id": "8bae7825-2a36-446b-aefd-976d7693a454",
        "text": "Name and signature of BAnk ",
        "confidence": 1,
        "class": "Label",
        "bbox": [
            547,
            1872,
            757,
            1916
        ],
        "child": [
            "146fedc4-181a-4c4f-b2db-a83c817113d1"
        ],
        "Model": "PADDLE",
        "parent": ""
    },
    {
        "id": "a1b53526-0a1f-4028-9ec9-c0750058ca7d",
        "text": "Benificiary Name",
        "confidence": 1,
        "class": "Label",
        "bbox": [
            547,
            1872,
            757,
            1916
        ],
        "child": [
            "146fedc4-181a-4c4f-b2db-a83c817113d1"
        ],
        "Model": "PADDLE",
        "parent": ""
    },
    {
        "id": "7a0d3aba-a252-4a8f-9baf-28740c53897a",
        "text": "Branch",
        "confidence": 1,
        "class": "Label",
        "bbox": [
            547,
            1872,
            757,
            1916
        ],
        "child": [
            "146fedc4-181a-4c4f-b2db-a83c817113d1"
        ],
        "Model": "PADDLE",
        "parent": ""
    },
    {
        "id": "c2e19b33-df2f-4364-ac83-d39b93c1031e",
        "text": "New Label",
        "confidence": 1,
        "class": "Label",
        "bbox": [
            547,
            1872,
            757,
            1916
        ],
        "child": [
            "146fedc4-181a-4c4f-b2db-a83c817113d1"
        ],
        "Model": "PADDLE",
        "parent": ""
    },
    {
        "id": "e4ecaeee-8726-4490-bcc4-bc1bc82b94b3",
        "text": "non customer id",
        "confidence": 1,
        "class": "Label",
        "bbox": [
            547,
            1872,
            757,
            1916
        ],
        "child": [
            "146fedc4-181a-4c4f-b2db-a83c817113d1"
        ],
        "Model": "PADDLE",
        "parent": ""
    }
]