[
  {
    "uuid": "020a4262-5e2c-49fa-9612-7c82a27a3b95",
    "class": "signature",
    "confidence": 0.9773558378219604,
    "bbox": [
      797,
      2245,
      1480,
      2444
    ],
    "text": "",
    "parent": "",
    "child": [
      "73fc3e25-584a-4da6-bdc5-c2c4c5ac2994"
    ]
  },
  {
    "uuid": "acd5a62a-63c8-4efa-b014-61fc825d2196",
    "class": "signature",
    "confidence": 0.8746067881584167,
    "bbox": [
      1527,
      2237,
      2208,
      2436
    ],
    "text": "",
    "parent": "",
    "child": [
      "51265841-bda8-4d5c-9406-26142f5f41ec"
    ]
  },
  {
    "uuid": "07501436-15b6-4c79-94ef-572f6b3e840d",
    "class": "boxInput",
    "confidence": 0.766650915145874,
    "bbox": [
      405,
      1588,
      2239,
      1651
    ],
    "text": "",
    "parent": "",
    "child": [
      "10b6c3e6-9ac4-4e64-a2d0-116ba5b0bd61"
    ]
  },
  {
    "uuid": "3988707a-b078-441e-9511-95c72c7c3691",
    "class": "boxInput",
    "confidence": 0.7268276214599609,
    "bbox": [
      406,
      893,
      877,
      965
    ],
    "text": "",
    "parent": "",
    "child": [
      "614424ce-811d-4176-958e-71e6e5162ad4"
    ]
  },
  {
    "uuid": "8d6b39c4-a986-41b1-bcaa-b0452cc8ccfb",
    "class": "boxInput",
    "confidence": 0.7190621495246887,
    "bbox": [
      390,
      816,
      1439,
      883
    ],
    "text": "",
    "parent": "",
    "child": [
      "45b7642e-a137-4c5c-9246-da47a10318c0"
    ]
  },
  {
    "uuid": "8e8eb516-d73a-490e-9ccc-c1349c91219b",
    "class": "boxInput",
    "confidence": 0.7116532921791077,
    "bbox": [
      1708,
      898,
      2256,
      967
    ],
    "text": "",
    "parent": "",
    "child": [
      "82c1ddbb-dd91-45bd-b897-d2ca7b74d455"
    ]
  },
  {
    "uuid": "99bd0c3b-e156-4722-b5e2-c6af5adae3fe",
    "class": "boxInput",
    "confidence": 0.7053065299987793,
    "bbox": [
      416,
      1165,
      1180,
      1232
    ],
    "text": "",
    "parent": "",
    "child": [
      "ae8608a4-2c75-4473-904e-297aa854ee5b"
    ]
  },
  {
    "uuid": "712c66fe-148b-42cc-a69a-15728f8740d8",
    "class": "checkBox",
    "confidence": 0.6866014003753662,
    "bbox": [
      754,
      567,
      849,
      643
    ],
    "text": "",
    "parent": "",
    "child": [
      "e2530c10-da80-47aa-aa7d-48d214c5784b"
    ]
  },
  {
    "uuid": "1013fb69-474f-4762-a3cd-58c87834c748",
    "class": "boxInput",
    "confidence": 0.6551302671432495,
    "bbox": [
      1588,
      291,
      2228,
      358
    ],
    "text": "",
    "parent": "",
    "child": [
      "4d881f64-c76a-4d48-827f-a61e1196ba94"
    ]
  },
  {
    "uuid": "90d6a232-601e-4b44-912d-af0f7f976fee",
    "class": "boxInput",
    "confidence": 0.6492753028869629,
    "bbox": [
      416,
      964,
      2281,
      1027
    ],
    "text": "",
    "parent": "",
    "child": [
      "34f7ff78-9181-45ee-bbff-bd36b6dd46f8"
    ]
  },
  {
    "uuid": "85120237-a1a2-4e9e-b1ff-cae970824367",
    "class": "boxInput",
    "confidence": 0.6355304718017578,
    "bbox": [
      414,
      1031,
      2290,
      1091
    ],
    "text": "",
    "parent": "",
    "child": [
      "cd77f5f7-f448-4497-9a7e-eede4364c4a9"
    ]
  },
  {
    "uuid": "dfc8202c-41c3-4c58-8650-4301106c6a9f",
    "class": "boxInput",
    "confidence": 0.6334598660469055,
    "bbox": [
      410,
      1515,
      1124,
      1582
    ],
    "text": "",
    "parent": "",
    "child": [
      "30a83912-eb19-425f-b1cd-dd06b58a715d"
    ]
  },
  {
    "uuid": "f5103706-03cc-48a3-a9b6-57e60e6e5ca5",
    "class": "boxInput",
    "confidence": 0.6323598027229309,
    "bbox": [
      408,
      1451,
      2232,
      1514
    ],
    "text": "",
    "parent": "",
    "child": [
      "8edd8bd8-3456-480f-bc2d-0828d514bd0c"
    ]
  },
  {
    "uuid": "5ff5b512-0fe2-49a4-8f11-aab030341a8d",
    "class": "boxInput",
    "confidence": 0.6248471736907959,
    "bbox": [
      417,
      1099,
      2238,
      1163
    ],
    "text": "",
    "parent": "",
    "child": [
      "cd77f5f7-f448-4497-9a7e-eede4364c4a9"
    ]
  },
  {
    "uuid": "96465249-caae-418e-9f61-b59c401f02fc",
    "class": "signature",
    "confidence": 0.5402045249938965,
    "bbox": [
      85,
      2233,
      767,
      2441
    ],
    "text": "",
    "parent": "",
    "child": [
      "180ac15e-a369-4d54-8605-5880b5d7bd4b"
    ]
  },
  {
    "uuid": "e608ff9b-1481-406b-823e-58e8b3aeea62",
    "class": "boxInput",
    "confidence": 0.5092387199401855,
    "bbox": [
      410,
      1317,
      2237,
      1380
    ],
    "text": "",
    "parent": "",
    "child": [
      "e354f7a6-fdb4-40de-8cf2-e15c76635bbe"
    ]
  },
  {
    "uuid": "b175355d-fbff-4244-94ed-69e50444d887",
    "class": "lineInput",
    "confidence": 0.5089089870452881,
    "bbox": [
      1090,
      1869,
      1386,
      1911
    ],
    "text": "",
    "parent": "",
    "child": []
  },
  {
    "uuid": "d52339f3-7b0c-4258-a0ce-7a248a629b13",
    "class": "lineInput",
    "confidence": 0.49924802780151367,
    "bbox": [
      1216,
      2977,
      1650,
      3041
    ],
    "text": "",
    "parent": "",
    "child": [
      null
    ]
  },
  {
    "uuid": "3bee798e-fbc1-45fe-97bd-38389cfcbcfb",
    "class": "lineInput",
    "confidence": 0.4755920171737671,
    "bbox": [
      786,
      2739,
      1165,
      2795
    ],
    "text": "",
    "parent": "",
    "child": [
      "0f9edcbb-2ec3-4c33-815a-08b96e0063c9"
    ]
  },
  {
    "uuid": "05871a28-afba-45de-8d0e-6a0dc7a346fc",
    "class": "boxInput",
    "confidence": 0.46282464265823364,
    "bbox": [
      1706,
      216,
      2233,
      291
    ],
    "text": "",
    "parent": "",
    "child": [
      "d834f6a4-9081-4c2a-9e45-db4f15b37869"
    ]
  },
  {
    "uuid": "f1127bc0-393f-4959-ba7f-8c5ca043ae88",
    "class": "lineInput",
    "confidence": 0.36865338683128357,
    "bbox": [
      1427,
      2662,
      1965,
      2718
    ],
    "text": "",
    "parent": "",
    "child": [
      "d98347c9-78a9-4d5e-8bbe-22134ee846b4"
    ]
  },
  {
    "uuid": "22fbcf55-bc00-4f78-8668-2f3191ee6ef2",
    "class": "lineInput",
    "confidence": 0.3612613379955292,
    "bbox": [
      1429,
      2733,
      2164,
      2797
    ],
    "text": "",
    "parent": "",
    "child": [
      "43abacbc-eac4-4bd4-a306-62c049772d45"
    ]
  },
  {
    "uuid": "c4132b86-bd3f-4334-9a0f-0b34bd1e4768",
    "class": "lineInput",
    "confidence": 0.3450714349746704,
    "bbox": [
      119,
      2809,
      2149,
      2882
    ],
    "text": "",
    "parent": "",
    "child": [
      "43abacbc-eac4-4bd4-a306-62c049772d45"
    ]
  },
  {
    "uuid": "d866dfe6-e8ec-474e-8e7b-f45641bbc4b8",
    "class": "lineInput",
    "confidence": 0.3286809027194977,
    "bbox": [
      767,
      1661,
      2192,
      1727
    ],
    "text": "",
    "parent": "",
    "child": []
  },
  {
    "uuid": "72d8eaff-65c9-4cc5-89aa-d5a3da6a4974",
    "class": "lineInput",
    "confidence": 0.3165976405143738,
    "bbox": [
      192,
      3037,
      702,
      3109
    ],
    "text": "",
    "parent": "",
    "child": [
      "f18cc5ca-7ade-4df6-986c-a9d6d359fded"
    ]
  },
  {
    "uuid": "be240096-c4f5-4eb4-9a92-483e498512ec",
    "class": "lineInput",
    "confidence": 0.3116876780986786,
    "bbox": [
      1112,
      2902,
      1650,
      2960
    ],
    "text": "",
    "parent": "",
    "child": [
      "97f29ade-0bb0-41fc-a641-45736bc2af75"
    ]
  },
  {
    "uuid": "d919a9f1-1df0-42ad-8448-cb62e37e0a25",
    "class": "lineInput",
    "confidence": 0.2956661581993103,
    "bbox": [
      1726,
      400,
      2230,
      462
    ],
    "text": "",
    "parent": "",
    "child": [
      "1cd0d0bf-9b7f-446b-a303-49872e5c0b4b"
    ]
  },
  {
    "uuid": "e5e0b4c0-3157-42d5-bed2-a3bc22f749fa",
    "class": "lineInput",
    "confidence": 0.28276658058166504,
    "bbox": [
      942,
      387,
      1394,
      454
    ],
    "text": "",
    "parent": "",
    "child": [
      "1fa19340-b9fd-4abf-ac5b-d7510965d4f5"
    ]
  },
  {
    "class": "Label",
    "confidence": 1,
    "bbox": [
      701,
      2988,
      1219,
      3032
    ],
    "text": "Name of Bank Offical",
    "parent": "d52339f3-7b0c-4258-a0ce-7a248a629b13",
    "child": []
  },
  {
    "uuid": "d834f6a4-9081-4c2a-9e45-db4f15b37869",
    "class": "Label",
    "confidence": 0.9976589679718018,
    "bbox": [
      1595,
      220,
      1703,
      278
    ],
    "text": "Date",
    "parent": "05871a28-afba-45de-8d0e-6a0dc7a346fc",
    "child": []
  },
  {
    "uuid": "bbeda064-4632-48c3-a673-314668811efd",
    "class": "Label",
    "confidence": 0.959921658039093,
    "bbox": [
      114,
      270,
      797,
      363
    ],
    "text": "THEPPERUMANALLUR Branch",
    "parent": "",
    "child": []
  },
  {
    "uuid": "4d881f64-c76a-4d48-827f-a61e1196ba94",
    "class": "Label",
    "confidence": 0.8694050908088684,
    "bbox": [
      1425,
      283,
      1601,
      337
    ],
    "text": "PAN No.",
    "parent": "1013fb69-474f-4762-a3cd-58c87834c748",
    "child": []
  },
  {
    "uuid": "1fa19340-b9fd-4abf-ac5b-d7510965d4f5",
    "class": "Label",
    "confidence": 0.9539227485656738,
    "bbox": [
      121,
      406,
      954,
      452
    ],
    "text": "Please remit through NEFT/RTGS a sum of",
    "parent": "e5e0b4c0-3157-42d5-bed2-a3bc22f749fa",
    "child": []
  },
  {
    "uuid": "1cd0d0bf-9b7f-446b-a303-49872e5c0b4b",
    "class": "Label",
    "confidence": 0.9764330387115479,
    "bbox": [
      1386,
      405,
      1731,
      459
    ],
    "text": "Rupees in words)",
    "parent": "",
    "child": []
  },
  {
    "uuid": "86d2d595-9813-4938-b20c-97cc9c3364e2",
    "class": "Label",
    "confidence": 0.9979171752929688,
    "bbox": [
      2144,
      485,
      2229,
      524
    ],
    "text": "only",
    "parent": "",
    "child": []
  },
  {
    "uuid": "62b7d8fb-97bd-4df7-af8a-4a7f825e3cad",
    "class": "Label",
    "confidence": 0.9695530533790588,
    "bbox": [
      121,
      518,
      626,
      561
    ],
    "text": "as per details given below:",
    "parent": "",
    "child": []
  },
  {
    "uuid": "67dd53f3-55a1-454a-85e4-1817fd80f966",
    "class": "Label",
    "confidence": 0.9706231355667114,
    "bbox": [
      138,
      580,
      308,
      627
    ],
    "text": "Cash",
    "parent": "",
    "child": []
  },
  {
    "uuid": "fe0fe4f8-66e5-4949-a265-986631668511",
    "class": "Label",
    "confidence": 0.9664389491081238,
    "bbox": [
      429,
      577,
      669,
      630
    ],
    "text": "Cheque",
    "parent": "",
    "child": []
  },
  {
    "uuid": "e2530c10-da80-47aa-aa7d-48d214c5784b",
    "class": "Label",
    "confidence": 0.9602909684181213,
    "bbox": [
      760,
      574,
      1279,
      637
    ],
    "text": "Debit my / our account",
    "parent": "712c66fe-148b-42cc-a69a-15728f8740d8",
    "child": []
  },
  {
    "uuid": "3d53bb4f-e81b-4838-89dc-385e3dde5483",
    "class": "Label",
    "confidence": 0.9677138328552246,
    "bbox": [
      829,
      745,
      1505,
      788
    ],
    "text": "DETAILS OF APPLICANT (REMITTER)",
    "parent": "",
    "child": []
  },
  {
    "uuid": "45b7642e-a137-4c5c-9246-da47a10318c0",
    "class": "Label",
    "confidence": 0.9879698753356934,
    "bbox": [
      111,
      828,
      364,
      867
    ],
    "text": "Account Number",
    "parent": "8d6b39c4-a986-41b1-bcaa-b0452cc8ccfb",
    "child": []
  },
  {
    "uuid": "614424ce-811d-4176-958e-71e6e5162ad4",
    "class": "Label",
    "confidence": 0.9815024137496948,
    "bbox": [
      101,
      887,
      364,
      940
    ],
    "text": "Cheque Number",
    "parent": "3988707a-b078-441e-9511-95c72c7c3691",
    "child": []
  },
  {
    "uuid": "82c1ddbb-dd91-45bd-b897-d2ca7b74d455",
    "class": "Label",
    "confidence": 0.9648439288139343,
    "bbox": [
      1498,
      914,
      1698,
      950
    ],
    "text": "Cheque Date",
    "parent": "8e8eb516-d73a-490e-9ccc-c1349c91219b",
    "child": []
  },
  {
    "uuid": "34f7ff78-9181-45ee-bbff-bd36b6dd46f8",
    "class": "Label",
    "confidence": 0.9367125630378723,
    "bbox": [
      105,
      959,
      371,
      1009
    ],
    "text": "Remitter's Name",
    "parent": "90d6a232-601e-4b44-912d-af0f7f976fee",
    "child": []
  },
  {
    "uuid": "cd77f5f7-f448-4497-9a7e-eede4364c4a9",
    "class": "Label",
    "confidence": 0.988251268863678,
    "bbox": [
      101,
      1028,
      247,
      1083
    ],
    "text": "Address",
    "parent": "5ff5b512-0fe2-49a4-8f11-aab030341a8d",
    "child": []
  },
  {
    "uuid": "ae8608a4-2c75-4473-904e-297aa854ee5b",
    "class": "Label",
    "confidence": 0.9915297031402588,
    "bbox": [
      105,
      1174,
      403,
      1217
    ],
    "text": "Mobile/OtherNumber",
    "parent": "99bd0c3b-e156-4722-b5e2-c6af5adae3fe",
    "child": []
  },
  {
    "uuid": "1ee5021a-fe3e-4935-bd15-4dd611167c69",
    "class": "Label",
    "confidence": 0.9706717729568481,
    "bbox": [
      859,
      1253,
      1406,
      1286
    ],
    "text": " DETAILS OF BENEFICIARY",
    "parent": "",
    "child": []
  },
  {
    "uuid": "e354f7a6-fdb4-40de-8cf2-e15c76635bbe",
    "class": "Label",
    "confidence": 0.9536399841308594,
    "bbox": [
      101,
      1309,
      403,
      1359
    ],
    "text": "Beneticiary's Name",
    "parent": "e608ff9b-1481-406b-823e-58e8b3aeea62",
    "child": []
  },
  {
    "uuid": "b54fedb0-a8e3-4682-b7aa-58b23937e0b0",
    "class": "Label",
    "confidence": 0.9869080185890198,
    "bbox": [
      105,
      1385,
      364,
      1428
    ],
    "text": "Account Number",
    "parent": "",
    "child": []
  },
  {
    "uuid": "8edd8bd8-3456-480f-bc2d-0828d514bd0c",
    "class": "Label",
    "confidence": 0.9628899693489075,
    "bbox": [
      101,
      1447,
      296,
      1501
    ],
    "text": "Bank Name",
    "parent": "f5103706-03cc-48a3-a9b6-57e60e6e5ca5",
    "child": []
  },
  {
    "uuid": "30a83912-eb19-425f-b1cd-dd06b58a715d",
    "class": "Label",
    "confidence": 0.9369374513626099,
    "bbox": [
      101,
      1520,
      364,
      1574
    ],
    "text": "fs code (11-digit)",
    "parent": "dfc8202c-41c3-4c58-8650-4301106c6a9f",
    "child": []
  },
  {
    "uuid": "10b6c3e6-9ac4-4e64-a2d0-116ba5b0bd61",
    "class": "Label",
    "confidence": 0.9678309559822083,
    "bbox": [
      101,
      1589,
      351,
      1639
    ],
    "text": "Branch Address",
    "parent": "07501436-15b6-4c79-94ef-572f6b3e840d",
    "child": []
  },
  {
    "uuid": "7712f4ad-b686-4eef-a350-e389bf37d910",
    "class": "Label",
    "confidence": 0.9392633438110352,
    "bbox": [
      102,
      1672,
      780,
      1722
    ],
    "text": "Sender to Receiver information (if any):",
    "parent": "",
    "child": []
  },
  {
    "uuid": "180ac15e-a369-4d54-8605-5880b5d7bd4b",
    "class": "Label",
    "confidence": 0.9943037033081055,
    "bbox": [
      115,
      2378,
      269,
      2414
    ],
    "text": "Signature-Primary Applicant",
    "parent": "96465249-caae-418e-9f61-b59c401f02fc",
    "child": []
  },
  {
    "uuid": "73fc3e25-584a-4da6-bdc5-c2c4c5ac2994",
    "class": "Label",
    "confidence": 0.9973983764648438,
    "bbox": [
      833,
      2381,
      987,
      2417
    ],
    "text": "Signature-Joint Applicant 1",
    "parent": "020a4262-5e2c-49fa-9612-7c82a27a3b95",
    "child": []
  },
  {
    "uuid": "51265841-bda8-4d5c-9406-26142f5f41ec",
    "class": "Label",
    "confidence": 0.9963862895965576,
    "bbox": [
      1554,
      2384,
      1708,
      2421
    ],
    "text": "Signature-Joint Applicant 2",
    "parent": "acd5a62a-63c8-4efa-b014-61fc825d2196",
    "child": []
  },
  {
    "uuid": "8d16b2dc-d2c5-4d4e-8a65-98729c7a36a5",
    "class": "Label",
    "confidence": 0.9918369650840759,
    "bbox": [
      908,
      2602,
      1413,
      2645
    ],
    "text": "Customer Acknowledgment",
    "parent": "",
    "child": []
  },
  {
    "uuid": "8cf458bb-f963-4c65-adee-0fdb02a991f8",
    "class": "Label",
    "confidence": 0.9554936289787292,
    "bbox": [
      121,
      2668,
      420,
      2711
    ],
    "text": "Beneticiary's Name",
    "parent": "",
    "child": []
  },
  {
    "uuid": "d98347c9-78a9-4d5e-8bbe-22134ee846b4",
    "class": "Label",
    "confidence": 0.9914286732673645,
    "bbox": [
      1170,
      2671,
      1433,
      2714
    ],
    "text": "Account Number",
    "parent": "f1127bc0-393f-4959-ba7f-8c5ca043ae88",
    "child": []
  },
  {
    "uuid": "0f9edcbb-2ec3-4c33-815a-08b96e0063c9",
    "class": "Label",
    "confidence": 0.964317798614502,
    "bbox": [
      118,
      2744,
      800,
      2787
    ],
    "text": "Please remit through NEFT/RTGS a sum of",
    "parent": "3bee798e-fbc1-45fe-97bd-38389cfcbcfb",
    "child": []
  },
  {
    "uuid": "43abacbc-eac4-4bd4-a306-62c049772d45",
    "class": "Label",
    "confidence": 0.9403666257858276,
    "bbox": [
      1161,
      2747,
      1439,
      2790
    ],
    "text": "(Rupees in words",
    "parent": "c4132b86-bd3f-4334-9a0f-0b34bd1e4768",
    "child": []
  },
  {
    "uuid": "97f29ade-0bb0-41fc-a641-45736bc2af75",
    "class": "Label",
    "confidence": 0.9493101835250854,
    "bbox": [
      111,
      2912,
      1125,
      2962
    ],
    "text": "We acknowledge receipt of NEFT / RTGS instruction(s).Reference no..",
    "parent": "be240096-c4f5-4eb4-9a92-483e498512ec",
    "child": []
  },
  {
    "uuid": "f18cc5ca-7ade-4df6-986c-a9d6d359fded",
    "class": "Label",
    "confidence": 0.9634560346603394,
    "bbox": [
      115,
      3054,
      216,
      3090
    ],
    "text": "Date:",
    "parent": "72d8eaff-65c9-4cc5-89aa-d5a3da6a4974",
    "child": []
  }
]