[
    {
        "uuid": "0b21d02b-2348-4f2b-98f5-ef0a0ecb16b8",
        "class": "signature",
        "confidence": 0.9824337959289551,
        "bbox": [
            1028,
            222,
            1362,
            357
        ],
        "text": "",
        "parent": "7adca733-e182-40b8-8be1-09a83271fb2b",
        "Model": "YOLO",
        "child": []
    },
    {
        "uuid": "6e76bf12-62ca-4937-a16c-5d46c515639d",
        "class": "boxInput",
        "confidence": 0.8347908854484558,
        "bbox": [
            1150,
            174,
            1371,
            214
        ],
        "text": "",
        "parent": "e7ea2729-bde8-41ac-a4f0-031f276edfe7",
        "Model": "YOLO",
        "child": []
    },
    {
        "uuid": "e348bcf7-1863-4aa0-b595-5b17dac92033",
        "class": "boxInput",
        "confidence": 0.828605055809021,
        "bbox": [
            168,
            310,
            643,
            353
        ],
        "text": "",
        "parent": "e0a59534-da74-419a-b863-1604cd18b1d8",
        "Model": "YOLO",
        "child": []
    },
    {
        "uuid": "99b438fe-cc06-4648-b380-07f35c5afc3a",
        "class": "boxInput",
        "confidence": 0.8262649774551392,
        "bbox": [
            176,
            230,
            695,
            268
        ],
        "text": "",
        "parent": "e13152b6-3231-43ed-ac69-f76f9e93c9bc",
        "Model": "YOLO",
        "child": []
    },
    {
        "uuid": "685a255a-8ec9-4803-86d1-622da2d30b9d",
        "class": "boxInput",
        "confidence": 0.7754120826721191,
        "bbox": [
            892,
            360,
            1355,
            396
        ],
        "text": "",
        "parent": "7529b365-9339-412a-a205-0fe5943f32f7",
        "Model": "YOLO",
        "child": []
    },
    {
        "uuid": "12ec0ff4-221f-46b0-8e72-30453bc034dd",
        "class": "boxInput",
        "confidence": 0.7589086890220642,
        "bbox": [
            1025,
            422,
            1246,
            456
        ],
        "text": "",
        "parent": "2cabd072-a4d4-401b-b499-e5fef30a1cab",
        "Model": "YOLO",
        "child": []
    },
    {
        "uuid": "e016fad6-525b-4f1b-82ee-18f9a890f8cc",
        "class": "boxInput",
        "confidence": 0.7435683012008667,
        "bbox": [
            164,
            355,
            642,
            395
        ],
        "text": "",
        "parent": "0d8dcd11-c7b3-4032-9300-fd8e41c68409",
        "Model": "YOLO",
        "child": []
    },
    {
        "uuid": "bc1a63fb-f8b4-40c2-b66d-7d95711197b6",
        "class": "boxInput",
        "confidence": 0.6998792290687561,
        "bbox": [
            324,
            546,
            1380,
            602
        ],
        "text": "",
        "parent": "8f9200d7-dbbd-40c7-8b33-b59f670a3b7f",
        "Model": "YOLO",
        "child": []
    },
    {
        "uuid": "d6d93a3d-48fb-4cad-be96-b4610754faba",
        "class": "boxInput",
        "confidence": 0.6991352438926697,
        "bbox": [
            192,
            480,
            302,
            524
        ],
        "text": "",
        "parent": "7142e785-f431-45a4-8958-c7041f0f218b",
        "Model": "YOLO",
        "child": []
    },
    {
        "uuid": "02d254c4-ad3f-451e-ab91-fd6eefa05030",
        "class": "boxInput",
        "confidence": 0.6956430077552795,
        "bbox": [
            821,
            232,
            994,
            279
        ],
        "text": "",
        "parent": "918be2f6-0ec6-4145-ad9a-d121318c9d0f",
        "Model": "YOLO",
        "child": []
    },
    {
        "uuid": "47da97e4-270f-40ef-ab59-a4acefd873bf",
        "class": "boxInput",
        "confidence": 0.6936095356941223,
        "bbox": [
            324,
            482,
            1367,
            538
        ],
        "text": "",
        "parent": "7142e785-f431-45a4-8958-c7041f0f218b",
        "Model": "YOLO",
        "child": []
    },
    {
        "uuid": "a9ae7ce4-9054-4776-a3ed-1f9bc21ee405",
        "class": "boxInput",
        "confidence": 0.6448901891708374,
        "bbox": [
            185,
            549,
            295,
            589
        ],
        "text": "",
        "parent": "8f9200d7-dbbd-40c7-8b33-b59f670a3b7f",
        "Model": "YOLO",
        "child": []
    },
    {
        "uuid": "ced44f8e-d509-4e9a-83b9-6ac6fbbe4aed",
        "class": "boxInput",
        "confidence": 0.6165914535522461,
        "bbox": [
            868,
            317,
            907,
            354
        ],
        "text": "",
        "parent": "7b76ae4e-6dc9-463a-886a-982781d99ee0",
        "Model": "YOLO",
        "child": []
    },
    {
        "uuid": "0418cec2-9272-47b9-aefd-f67d077c971b",
        "class": "checkBox",
        "confidence": 0.5929456353187561,
        "bbox": [
            349,
            409,
            392,
            442
        ],
        "text": "",
        "parent": "157cc43a-b5d4-49b3-8739-604c8f026d66",
        "Model": "YOLO",
        "child": []
    },
    {
        "uuid": "c7b1d9d5-74f9-4dfb-ad1b-78f219f4f36a",
        "class": "boxInput",
        "confidence": 0.5373026728630066,
        "bbox": [
            893,
            412,
            934,
            451
        ],
        "text": "",
        "parent": "2cabd072-a4d4-401b-b499-e5fef30a1cab",
        "Model": "YOLO",
        "child": []
    },
    {
        "uuid": "1820a0c5-4b2a-4f7e-8ee8-240386f2fd1f",
        "class": "checkBox",
        "confidence": 0.5139018893241882,
        "bbox": [
            462,
            410,
            504,
            446
        ],
        "text": "",
        "parent": "d8a073cc-8204-4034-a2f5-ced5aba69596",
        "Model": "YOLO",
        "child": []
    },
    {
        "uuid": "77b451a1-7de5-40be-8ba9-68c8cc5c921e",
        "class": "checkBox",
        "confidence": 0.4944188594818115,
        "bbox": [
            196,
            406,
            242,
            440
        ],
        "text": "",
        "parent": "1b2971fc-9d7c-4c04-9f63-8f0c122874e0",
        "Model": "YOLO",
        "child": []
    },
    {
        "uuid": "5dc29f97-a508-4b58-81ed-205fe9a6b7b4",
        "class": "boxInput",
        "confidence": 0.4419352412223816,
        "bbox": [
            789,
            408,
            833,
            451
        ],
        "text": "",
        "parent": "a34a2a0d-bdff-4658-a737-47bcf9492d0a",
        "Model": "YOLO",
        "child": []
    },
    {
        "uuid": "09f12976-5e94-40ba-ab9f-ce9f26cae73e",
        "class": "boxInput",
        "confidence": 0.41952186822891235,
        "bbox": [
            791,
            313,
            832,
            354
        ],
        "text": "",
        "parent": "508a0274-8664-4d4b-85b2-2da3c969a378",
        "Model": "YOLO",
        "child": []
    },
    {
        "uuid": "e7ea2729-bde8-41ac-a4f0-031f276edfe7",
        "class": "Label",
        "confidence": 0.9828960299491882,
        "bbox": [
            1104,
            178,
            1149,
            198
        ],
        "text": "Date:",
        "child": [
            "6e76bf12-62ca-4937-a16c-5d46c515639d"
        ],
        "Model": "PADDLE",
        "parent": ""
    },
    {
        "uuid": "e13152b6-3231-43ed-ac69-f76f9e93c9bc",
        "class": "Label",
        "confidence": 0.9276454448699951,
        "bbox": [
            48,
            232,
            180,
            257
        ],
        "text": "Branch Name :",
        "child": [
            "99b438fe-cc06-4648-b380-07f35c5afc3a"
        ],
        "Model": "PADDLE",
        "parent": ""
    },
    {
        "uuid": "918be2f6-0ec6-4145-ad9a-d121318c9d0f",
        "class": "Label",
        "confidence": 0.954711377620697,
        "bbox": [
            691,
            238,
            823,
            274
        ],
        "text": "Branch Code",
        "child": [
            "02d254c4-ad3f-451e-ab91-fd6eefa05030"
        ],
        "Model": "PADDLE",
        "parent": ""
    },
    {
        "uuid": "e0a59534-da74-419a-b863-1604cd18b1d8",
        "class": "Label",
        "confidence": 0.934995710849762,
        "bbox": [
            42,
            312,
            166,
            337
        ],
        "text": "Customer ID:",
        "child": [
            "e348bcf7-1863-4aa0-b595-5b17dac92033"
        ],
        "Model": "PADDLE",
        "parent": ""
    },
    {
        "uuid": "0d8dcd11-c7b3-4032-9300-fd8e41c68409",
        "class": "Label",
        "confidence": 0.9018704295158386,
        "bbox": [
            39,
            360,
            163,
            385
        ],
        "text": "Account No.:",
        "child": [
            "e016fad6-525b-4f1b-82ee-18f9a890f8cc"
        ],
        "Model": "PADDLE",
        "parent": ""
    },
    {
        "uuid": "7529b365-9339-412a-a205-0fe5943f32f7",
        "class": "Label",
        "confidence": 0.9936500191688538,
        "bbox": [
            809,
            365,
            892,
            390
        ],
        "text": "CKYC No :",
        "child": [
            "685a255a-8ec9-4803-86d1-622da2d30b9d"
        ],
        "Model": "PADDLE",
        "parent": ""
    },
    {
        "uuid": "1b2971fc-9d7c-4c04-9f63-8f0c122874e0",
        "class": "Label",
        "confidence": 0.9149738550186157,
        "bbox": [
            267,
            413,
            336,
            440
        ],
        "text": "Normal",
        "child": [
            "77b451a1-7de5-40be-8ba9-68c8cc5c921e"
        ],
        "Model": "PADDLE",
        "parent": ""
    },
    {
        "uuid": "d8a073cc-8204-4034-a2f5-ced5aba69596",
        "class": "Label",
        "confidence": 0.9071536064147949,
        "bbox": [
            504,
            416,
            560,
            438
        ],
        "text": "Minor",
        "child": [
            "1820a0c5-4b2a-4f7e-8ee8-240386f2fd1f"
        ],
        "Model": "PADDLE",
        "parent": ""
    },
    {
        "uuid": "a34a2a0d-bdff-4658-a737-47bcf9492d0a",
        "class": "Label",
        "confidence": 0.9626227617263794,
        "bbox": [
            828,
            416,
            884,
            448
        ],
        "text": "Staff",
        "child": [
            "5dc29f97-a508-4b58-81ed-205fe9a6b7b4"
        ],
        "Model": "PADDLE",
        "parent": ""
    },
    {
        "uuid": "7142e785-f431-45a4-8958-c7041f0f218b",
        "class": "Label",
        "confidence": 0.883030116558075,
        "bbox": [
            32,
            487,
            105,
            514
        ],
        "text": "Name':",
        "child": [
            "47da97e4-270f-40ef-ab59-a4acefd873bf",
            "d6d93a3d-48fb-4cad-be96-b4610754faba"
        ],
        "Model": "PADDLE",
        "parent": ""
    },
    {
        "uuid": "8f9200d7-dbbd-40c7-8b33-b59f670a3b7f",
        "class": "Label",
        "confidence": 0.934666097164154,
        "bbox": [
            27,
            554,
            169,
            581
        ],
        "text": "Maiden Name:",
        "child": [
            "a9ae7ce4-9054-4776-a3ed-1f9bc21ee405",
            "bc1a63fb-f8b4-40c2-b66d-7d95711197b6"
        ],
        "Model": "PADDLE",
        "parent": ""
    },
    {
        "uuid": "157cc43a-b5d4-49b3-8739-604c8f026d66",
        "text": "Small",
        "confidence": 1,
        "class": "Label",
        "bbox": [
            388,
            412,
            444,
            438
        ],
        "child": [
            "0418cec2-9272-47b9-aefd-f67d077c971b"
        ],
        "Model": "PADDLE",
        "parent": ""
    },
    {
        "uuid": "508a0274-8664-4d4b-85b2-2da3c969a378",
        "text": "New",
        "confidence": 1,
        "class": "Label",
        "bbox": [
            824,
            316,
            873,
            352
        ],
        "child": [
            "09f12976-5e94-40ba-ab9f-ce9f26cae73e"
        ],
        "Model": "PADDLE",
        "parent": ""
    },
    {
        "uuid": "7b76ae4e-6dc9-463a-886a-982781d99ee0",
        "text": "Update",
        "confidence": 1,
        "class": "Label",
        "bbox": [
            904,
            322,
            973,
            352
        ],
        "child": [
            "ced44f8e-d509-4e9a-83b9-6ac6fbbe4aed"
        ],
        "Model": "PADDLE",
        "parent": ""
    },
    {
        "uuid": "7adca733-e182-40b8-8be1-09a83271fb2b",
        "text": "signature",
        "confidence": 1,
        "class": "Label",
        "bbox": [
            920,
            276,
            1007,
            296
        ],
        "child": [
            "0b21d02b-2348-4f2b-98f5-ef0a0ecb16b8"
        ],
        "Model": "PADDLE",
        "parent": ""
    },
    {
        "uuid": "2cabd072-a4d4-401b-b499-e5fef30a1cab",
        "text": "staff no",
        "confidence": 1,
        "class": "Label",
        "bbox": [
            931,
            417,
            1012,
            446
        ],
        "child": [
            "c7b1d9d5-74f9-4dfb-ad1b-78f219f4f36a",
            "12ec0ff4-221f-46b0-8e72-30453bc034dd"
        ],
        "Model": "PADDLE",
        "parent": ""
    }
]