[
    {
        "uuid": "e7ea2729-bde8-41ac-a4f0-031f276edfe7",
        "class": "Label",
        "confidence": 0.9828960299491882,
        "bbox": [
            1104,
            178,
            1149,
            198
        ],
        "text": "Date:",
        "child": []
    },
    {
        "uuid": "e13152b6-3231-43ed-ac69-f76f9e93c9bc",
        "class": "Label",
        "confidence": 0.9276454448699951,
        "bbox": [
            48,
            232,
            180,
            257
        ],
        "text": "Branch Name :",
        "child": []
    },
    {
        "uuid": "918be2f6-0ec6-4145-ad9a-d121318c9d0f",
        "class": "Label",
        "confidence": 0.954711377620697,
        "bbox": [
            691,
            238,
            823,
            274
        ],
        "text": "Branch Code",
        "child": []
    },
    {
        "uuid": "e0a59534-da74-419a-b863-1604cd18b1d8",
        "class": "Label",
        "confidence": 0.934995710849762,
        "bbox": [
            42,
            312,
            166,
            337
        ],
        "text": "Customer ID:",
        "child": []
    },
    {
        "uuid": "0d8dcd11-c7b3-4032-9300-fd8e41c68409",
        "class": "Label",
        "confidence": 0.9018704295158386,
        "bbox": [
            39,
            360,
            163,
            385
        ],
        "text": "Account No.:",
        "child": []
    },
    {
        "uuid": "7529b365-9339-412a-a205-0fe5943f32f7",
        "class": "Label",
        "confidence": 0.9936500191688538,
        "bbox": [
            809,
            365,
            892,
            390
        ],
        "text": "CKYC No :",
        "child": []
    },
    {
        "uuid": "1b2971fc-9d7c-4c04-9f63-8f0c122874e0",
        "class": "Label",
        "confidence": 0.9149738550186157,
        "bbox": [
            267,
            413,
            336,
            440
        ],
        "text": "Normal",
        "child": []
    },
    {
        "uuid": "d8a073cc-8204-4034-a2f5-ced5aba69596",
        "class": "Label",
        "confidence": 0.9071536064147949,
        "bbox": [
            504,
            416,
            560,
            438
        ],
        "text": "Minor",
        "child": []
    },
    {
        "uuid": "a34a2a0d-bdff-4658-a737-47bcf9492d0a",
        "class": "Label",
        "confidence": 0.9626227617263794,
        "bbox": [
            828,
            416,
            884,
            448
        ],
        "text": "Staff",
        "child": []
    },
    {
        "uuid": "7142e785-f431-45a4-8958-c7041f0f218b",
        "class": "Label",
        "confidence": 0.883030116558075,
        "bbox": [
            32,
            487,
            105,
            514
        ],
        "text": "Name':",
        "child": []
    },
    {
        "uuid": "8f9200d7-dbbd-40c7-8b33-b59f670a3b7f",
        "class": "Label",
        "confidence": 0.934666097164154,
        "bbox": [
            27,
            554,
            169,
            581
        ],
        "text": "Maiden Name:",
        "child": []
    },
    {
        "uuid": "157cc43a-b5d4-49b3-8739-604c8f026d66",
        "text": "Small",
        "confidence": 1,
        "class": "Label",
        "bbox": [
            388,
            412,
            444,
            438
        ],
        "child": []
    },
    {
        "uuid": "508a0274-8664-4d4b-85b2-2da3c969a378",
        "text": "New",
        "confidence": 1,
        "class": "Label",
        "bbox": [
            824,
            316,
            873,
            352
        ],
        "child": []
    },
    {
        "uuid": "7b76ae4e-6dc9-463a-886a-982781d99ee0",
        "text": "Update",
        "confidence": 1,
        "class": "Label",
        "bbox": [
            904,
            322,
            973,
            352
        ],
        "child": []
    },
    {
        "uuid": "7adca733-e182-40b8-8be1-09a83271fb2b",
        "text": "signature",
        "confidence": 1,
        "class": "Label",
        "bbox": [
            920,
            276,
            1007,
            296
        ],
        "child": []
    },
    {
        "uuid": "2cabd072-a4d4-401b-b499-e5fef30a1cab",
        "text": "staff no",
        "confidence": 1,
        "class": "Label",
        "bbox": [
            931,
            417,
            1012,
            446
        ],
        "child": []
    }
]