[
    {
        "uuid": "0b21d02b-2348-4f2b-98f5-ef0a0ecb16b8",
        "class": "signature",
        "confidence": 0.9824337959289551,
        "bbox": [
            1028,
            222,
            1362,
            357
        ],
        "text": "",
        "parent": ""
    },
    {
        "uuid": "6e76bf12-62ca-4937-a16c-5d46c515639d",
        "class": "boxInput",
        "confidence": 0.8347908854484558,
        "bbox": [
            1150,
            174,
            1371,
            214
        ],
        "text": "",
        "parent": ""
    },
    {
        "uuid": "e348bcf7-1863-4aa0-b595-5b17dac92033",
        "class": "boxInput",
        "confidence": 0.828605055809021,
        "bbox": [
            168,
            310,
            643,
            353
        ],
        "text": "",
        "parent": ""
    },
    {
        "uuid": "99b438fe-cc06-4648-b380-07f35c5afc3a",
        "class": "boxInput",
        "confidence": 0.8262649774551392,
        "bbox": [
            176,
            230,
            695,
            268
        ],
        "text": "",
        "parent": ""
    },
    {
        "uuid": "685a255a-8ec9-4803-86d1-622da2d30b9d",
        "class": "boxInput",
        "confidence": 0.7754120826721191,
        "bbox": [
            892,
            360,
            1355,
            396
        ],
        "text": "",
        "parent": ""
    },
    {
        "uuid": "12ec0ff4-221f-46b0-8e72-30453bc034dd",
        "class": "boxInput",
        "confidence": 0.7589086890220642,
        "bbox": [
            1025,
            422,
            1246,
            456
        ],
        "text": "",
        "parent": ""
    },
    {
        "uuid": "e016fad6-525b-4f1b-82ee-18f9a890f8cc",
        "class": "boxInput",
        "confidence": 0.7435683012008667,
        "bbox": [
            164,
            355,
            642,
            395
        ],
        "text": "",
        "parent": ""
    },
    {
        "uuid": "bc1a63fb-f8b4-40c2-b66d-7d95711197b6",
        "class": "boxInput",
        "confidence": 0.6998792290687561,
        "bbox": [
            324,
            546,
            1380,
            602
        ],
        "text": "",
        "parent": ""
    },
    {
        "uuid": "d6d93a3d-48fb-4cad-be96-b4610754faba",
        "class": "boxInput",
        "confidence": 0.6991352438926697,
        "bbox": [
            192,
            480,
            302,
            524
        ],
        "text": "",
        "parent": ""
    },
    {
        "uuid": "02d254c4-ad3f-451e-ab91-fd6eefa05030",
        "class": "boxInput",
        "confidence": 0.6956430077552795,
        "bbox": [
            821,
            232,
            994,
            279
        ],
        "text": "",
        "parent": ""
    },
    {
        "uuid": "47da97e4-270f-40ef-ab59-a4acefd873bf",
        "class": "boxInput",
        "confidence": 0.6936095356941223,
        "bbox": [
            324,
            482,
            1367,
            538
        ],
        "text": "",
        "parent": ""
    },
    {
        "uuid": "a9ae7ce4-9054-4776-a3ed-1f9bc21ee405",
        "class": "boxInput",
        "confidence": 0.6448901891708374,
        "bbox": [
            185,
            549,
            295,
            589
        ],
        "text": "",
        "parent": ""
    },
    {
        "uuid": "ced44f8e-d509-4e9a-83b9-6ac6fbbe4aed",
        "class": "boxInput",
        "confidence": 0.6165914535522461,
        "bbox": [
            868,
            317,
            907,
            354
        ],
        "text": "",
        "parent": ""
    },
    {
        "uuid": "0418cec2-9272-47b9-aefd-f67d077c971b",
        "class": "checkBox",
        "confidence": 0.5929456353187561,
        "bbox": [
            349,
            409,
            392,
            442
        ],
        "text": "",
        "parent": ""
    },
    {
        "uuid": "c7b1d9d5-74f9-4dfb-ad1b-78f219f4f36a",
        "class": "boxInput",
        "confidence": 0.5373026728630066,
        "bbox": [
            893,
            412,
            934,
            451
        ],
        "text": "",
        "parent": ""
    },
    {
        "uuid": "1820a0c5-4b2a-4f7e-8ee8-240386f2fd1f",
        "class": "checkBox",
        "confidence": 0.5139018893241882,
        "bbox": [
            462,
            410,
            504,
            446
        ],
        "text": "",
        "parent": ""
    },
    {
        "uuid": "77b451a1-7de5-40be-8ba9-68c8cc5c921e",
        "class": "checkBox",
        "confidence": 0.4944188594818115,
        "bbox": [
            196,
            406,
            242,
            440
        ],
        "text": "",
        "parent": ""
    },
    {
        "uuid": "5dc29f97-a508-4b58-81ed-205fe9a6b7b4",
        "class": "boxInput",
        "confidence": 0.4419352412223816,
        "bbox": [
            789,
            408,
            833,
            451
        ],
        "text": "",
        "parent": ""
    },
    {
        "uuid": "09f12976-5e94-40ba-ab9f-ce9f26cae73e",
        "class": "boxInput",
        "confidence": 0.41952186822891235,
        "bbox": [
            791,
            313,
            832,
            354
        ],
        "text": "",
        "parent": ""
    }
]