[
    {
        "uuid": "c883a4eb-78e4-4bad-b3b5-efe86949de94",
        "class": "Label",
        "confidence": 0.9976589679718018,
        "bbox": [
            1595,
            220,
            1703,
            278
        ],
        "text": "Date",
        "child": []
    },
    {
        "uuid": "2066d16c-66e3-4fea-bc77-c18805275d64",
        "class": "Label",
        "confidence": 0.959921658039093,
        "bbox": [
            652,
            270,
            799,
            365
        ],
        "text": "Branch",
        "child": []
    },
    {
        "uuid": "9560558b-8b73-4e6d-846b-49022f319e29",
        "class": "Label",
        "confidence": 0.8694050908088684,
        "bbox": [
            1425,
            283,
            1601,
            337
        ],
        "text": "PAN No.",
        "child": []
    },
    {
        "uuid": "caacf972-ebfc-46b3-8597-9e0c8fa1a6b5",
        "class": "Label",
        "confidence": 0.9539227485656738,
        "bbox": [
            121,
            406,
            954,
            452
        ],
        "text": "NEFT/RTGS a sum of",
        "child": []
    },
    {
        "uuid": "d23330f6-1d7a-40dd-b8bc-3d79188a778d",
        "class": "Label",
        "confidence": 0.9764330387115479,
        "bbox": [
            1386,
            405,
            1731,
            459
        ],
        "text": "Rupees in words",
        "child": []
    },
    {
        "uuid": "c2e0bb91-73f3-4b8f-ba0d-b455515f89f7",
        "class": "Label",
        "confidence": 0.9706231355667114,
        "bbox": [
            210,
            580,
            310,
            629
        ],
        "text": "Cash",
        "child": []
    },
    {
        "uuid": "dc0d38ec-ce7f-4a32-b7a5-feb2076e5869",
        "class": "Label",
        "confidence": 0.9664389491081238,
        "bbox": [
            508,
            575,
            674,
            630
        ],
        "text": "Cheque",
        "child": []
    },
    {
        "uuid": "12263b71-e982-4cb2-beef-e3ab485d32dd",
        "class": "Label",
        "confidence": 0.9602909684181213,
        "bbox": [
            860,
            574,
            1281,
            639
        ],
        "text": "Debit my / our account",
        "child": []
    },
    {
        "uuid": "c4b9420a-e631-448b-a2a9-e9c37e3eabc6",
        "class": "Label",
        "confidence": 0.9879698753356934,
        "bbox": [
            111,
            828,
            364,
            867
        ],
        "text": "Account Number",
        "child": []
    },
    {
        "uuid": "403f7324-4f0a-426e-aa8c-6c0903179417",
        "class": "Label",
        "confidence": 0.9815024137496948,
        "bbox": [
            101,
            887,
            364,
            940
        ],
        "text": "Cheque Number",
        "child": []
    },
    {
        "uuid": "464ac9bc-8806-42f5-9434-090710364e47",
        "class": "Label",
        "confidence": 0.9648439288139343,
        "bbox": [
            1498,
            914,
            1698,
            950
        ],
        "text": "Cheque Date",
        "child": []
    },
    {
        "uuid": "5c98d6b2-52f1-4459-9660-ee0748851242",
        "class": "Label",
        "confidence": 0.9367125630378723,
        "bbox": [
            105,
            959,
            371,
            1009
        ],
        "text": "Remitter's Name",
        "child": []
    },
    {
        "uuid": "c56ca875-08f1-4a76-864b-71abd41caf18",
        "class": "Label",
        "confidence": 0.988251268863678,
        "bbox": [
            101,
            1028,
            247,
            1083
        ],
        "text": "Address",
        "child": []
    },
    {
        "uuid": "345464ab-d33c-4f8f-9078-ab2242972af8",
        "class": "Label",
        "confidence": 0.9915297031402588,
        "bbox": [
            105,
            1174,
            403,
            1217
        ],
        "text": "Mobile/OtherNumber",
        "child": []
    },
    {
        "uuid": "3984ab01-02c5-4ae3-a95f-afbc5c0f7854",
        "class": "Label",
        "confidence": 0.9536399841308594,
        "bbox": [
            101,
            1309,
            403,
            1359
        ],
        "text": "Beneticiary's Name",
        "child": []
    },
    {
        "uuid": "cb1f6d45-c9fb-4f45-b590-e00250cc961f",
        "class": "Label",
        "confidence": 0.9869080185890198,
        "bbox": [
            105,
            1385,
            364,
            1428
        ],
        "text": "Account Number",
        "child": []
    },
    {
        "uuid": "da172ad4-aeb8-4dc2-a6a2-415038ff3bb4",
        "class": "Label",
        "confidence": 0.9628899693489075,
        "bbox": [
            101,
            1447,
            296,
            1501
        ],
        "text": "Bank Name",
        "child": []
    },
    {
        "uuid": "65e48cb6-5a79-433b-8be7-4eba45306169",
        "class": "Label",
        "confidence": 0.9369374513626099,
        "bbox": [
            101,
            1520,
            364,
            1574
        ],
        "text": "fs code (11-digit)",
        "child": []
    },
    {
        "uuid": "7da37924-94ba-4798-b4ae-eacde49d549a",
        "class": "Label",
        "confidence": 0.9678309559822083,
        "bbox": [
            101,
            1589,
            351,
            1639
        ],
        "text": "Branch Address",
        "child": []
    },
    {
        "uuid": "46335d67-a8ad-4d3a-9638-476222ad61fd",
        "class": "Label",
        "confidence": 0.9392633438110352,
        "bbox": [
            102,
            1672,
            780,
            1722
        ],
        "text": "Sender to Receiver information (if any):",
        "child": []
    },
    {
        "uuid": "c757b68b-d3e5-486e-9b75-a48f5b955c26",
        "class": "Label",
        "confidence": 0.9943037033081055,
        "bbox": [
            115,
            2378,
            269,
            2414
        ],
        "text": "Signature",
        "child": []
    },
    {
        "uuid": "63194c31-e20c-436e-90bd-bbb0d1b6ad4c",
        "class": "Label",
        "confidence": 0.9973983764648438,
        "bbox": [
            833,
            2381,
            987,
            2417
        ],
        "text": "Signature1",
        "child": []
    },
    {
        "uuid": "962c4541-5723-46ac-80bb-45e364bd0d20",
        "class": "Label",
        "confidence": 0.9963862895965576,
        "bbox": [
            1554,
            2384,
            1708,
            2421
        ],
        "text": "Signature2",
        "child": []
    },
    {
        "uuid": "fde8e708-11f2-467c-ae57-8a8b1024f008",
        "class": "Label",
        "confidence": 0.9914286732673645,
        "bbox": [
            1170,
            2671,
            1433,
            2714
        ],
        "text": "Account Number",
        "child": []
    },
    {
        "uuid": "6f6e182b-284c-45a6-a4db-984bd1e1f1e7",
        "class": "Label",
        "confidence": 0.964317798614502,
        "bbox": [
            440,
            2744,
            802,
            2789
        ],
        "text": "Please remit through NEFT/RTGS a sum of",
        "child": []
    },
    {
        "uuid": "6cb472cd-1959-45e5-bc1c-0f5fe892b32d",
        "class": "Label",
        "confidence": 0.9403666257858276,
        "bbox": [
            1161,
            2747,
            1439,
            2790
        ],
        "text": "(Rupees in words",
        "child": []
    },
    {
        "uuid": "a945ee19-0f29-4794-9a38-9e4695316214",
        "class": "Label",
        "confidence": 0.9493101835250854,
        "bbox": [
            911,
            2908,
            1127,
            2960
        ],
        "text": "Reference no..",
        "child": []
    },
    {
        "uuid": "ae350360-d673-4b52-873d-ff7a1d6af10c",
        "class": "Label",
        "confidence": 0.9634560346603394,
        "bbox": [
            115,
            3054,
            216,
            3090
        ],
        "text": "Date:",
        "child": []
    },
    {
        "id": "8bae7825-2a36-446b-aefd-976d7693a454",
        "text": "Name and signature of BAnk ",
        "confidence": 1,
        "class": "Label",
        "bbox": [
            704,
            2987,
            1215,
            3033
        ],
        "child": []
    },
    {
        "id": "a1b53526-0a1f-4028-9ec9-c0750058ca7d",
        "text": "Benificiary Name",
        "confidence": 1,
        "class": "Label",
        "bbox": [
            120,
            2655,
            420,
            2732
        ],
        "child": []
    },
    {
        "id": "7a0d3aba-a252-4a8f-9baf-28740c53897a",
        "text": "Branch",
        "confidence": 1,
        "class": "Label",
        "bbox": [
            104,
            2994,
            217,
            3022
        ],
        "child": []
    },
    {
        "id": "c2e19b33-df2f-4364-ac83-d39b93c1031e",
        "text": "New Label",
        "confidence": 1,
        "class": "Label",
        "bbox": [
            974,
            1876,
            974,
            1876
        ],
        "child": []
    },
    {
        "id": "e4ecaeee-8726-4490-bcc4-bc1bc82b94b3",
        "text": "non customer id",
        "confidence": 1,
        "class": "Label",
        "bbox": [
            547,
            1872,
            757,
            1916
        ],
        "child": []
    }
]