[
    {
        "uuid": "020a4262-5e2c-49fa-9612-7c82a27a3b95",
        "class": "signature",
        "confidence": 0.9773558378219604,
        "bbox": [
            797,
            2245,
            1480,
            2444
        ],
        "text": "",
        "parent": ""
    },
    {
        "uuid": "acd5a62a-63c8-4efa-b014-61fc825d2196",
        "class": "signature",
        "confidence": 0.8746067881584167,
        "bbox": [
            1527,
            2237,
            2208,
            2436
        ],
        "text": "",
        "parent": ""
    },
    {
        "uuid": "07501436-15b6-4c79-94ef-572f6b3e840d",
        "class": "boxInput",
        "confidence": 0.766650915145874,
        "bbox": [
            405,
            1588,
            2239,
            1651
        ],
        "text": "",
        "parent": ""
    },
    {
        "uuid": "3988707a-b078-441e-9511-95c72c7c3691",
        "class": "boxInput",
        "confidence": 0.7268276214599609,
        "bbox": [
            406,
            893,
            877,
            965
        ],
        "text": "",
        "parent": ""
    },
    {
        "uuid": "8d6b39c4-a986-41b1-bcaa-b0452cc8ccfb",
        "class": "boxInput",
        "confidence": 0.7190621495246887,
        "bbox": [
            390,
            816,
            1439,
            883
        ],
        "text": "",
        "parent": ""
    },
    {
        "uuid": "8e8eb516-d73a-490e-9ccc-c1349c91219b",
        "class": "boxInput",
        "confidence": 0.7116532921791077,
        "bbox": [
            1708,
            898,
            2256,
            967
        ],
        "text": "",
        "parent": ""
    },
    {
        "uuid": "99bd0c3b-e156-4722-b5e2-c6af5adae3fe",
        "class": "boxInput",
        "confidence": 0.7053065299987793,
        "bbox": [
            416,
            1165,
            1180,
            1232
        ],
        "text": "",
        "parent": ""
    },
    {
        "uuid": "712c66fe-148b-42cc-a69a-15728f8740d8",
        "class": "checkBox",
        "confidence": 0.6866014003753662,
        "bbox": [
            754,
            567,
            849,
            643
        ],
        "text": "",
        "parent": ""
    },
    {
        "uuid": "1013fb69-474f-4762-a3cd-58c87834c748",
        "class": "boxInput",
        "confidence": 0.6551302671432495,
        "bbox": [
            1588,
            291,
            2228,
            358
        ],
        "text": "",
        "parent": ""
    },
    {
        "uuid": "90d6a232-601e-4b44-912d-af0f7f976fee",
        "class": "boxInput",
        "confidence": 0.6492753028869629,
        "bbox": [
            416,
            964,
            2281,
            1027
        ],
        "text": "",
        "parent": ""
    },
    {
        "uuid": "85120237-a1a2-4e9e-b1ff-cae970824367",
        "class": "boxInput",
        "confidence": 0.6355304718017578,
        "bbox": [
            414,
            1031,
            2290,
            1091
        ],
        "text": "",
        "parent": ""
    },
    {
        "uuid": "dfc8202c-41c3-4c58-8650-4301106c6a9f",
        "class": "boxInput",
        "confidence": 0.6334598660469055,
        "bbox": [
            410,
            1515,
            1124,
            1582
        ],
        "text": "",
        "parent": ""
    },
    {
        "uuid": "f5103706-03cc-48a3-a9b6-57e60e6e5ca5",
        "class": "boxInput",
        "confidence": 0.6323598027229309,
        "bbox": [
            408,
            1451,
            2232,
            1514
        ],
        "text": "",
        "parent": ""
    },
    {
        "uuid": "5ff5b512-0fe2-49a4-8f11-aab030341a8d",
        "class": "boxInput",
        "confidence": 0.6248471736907959,
        "bbox": [
            417,
            1099,
            2238,
            1163
        ],
        "text": "",
        "parent": ""
    },
    {
        "uuid": "96465249-caae-418e-9f61-b59c401f02fc",
        "class": "signature",
        "confidence": 0.5402045249938965,
        "bbox": [
            85,
            2233,
            767,
            2441
        ],
        "text": "",
        "parent": ""
    },
    {
        "uuid": "e608ff9b-1481-406b-823e-58e8b3aeea62",
        "class": "boxInput",
        "confidence": 0.5092387199401855,
        "bbox": [
            410,
            1317,
            2237,
            1380
        ],
        "text": "",
        "parent": ""
    },
    {
        "uuid": "b175355d-fbff-4244-94ed-69e50444d887",
        "class": "lineInput",
        "confidence": 0.5089089870452881,
        "bbox": [
            1090,
            1869,
            1386,
            1911
        ],
        "text": "",
        "parent": ""
    },
    {
        "uuid": "d52339f3-7b0c-4258-a0ce-7a248a629b13",
        "class": "lineInput",
        "confidence": 0.49924802780151367,
        "bbox": [
            1216,
            2977,
            1650,
            3041
        ],
        "text": "",
        "parent": ""
    },
    {
        "uuid": "3bee798e-fbc1-45fe-97bd-38389cfcbcfb",
        "class": "lineInput",
        "confidence": 0.4755920171737671,
        "bbox": [
            786,
            2739,
            1165,
            2795
        ],
        "text": "",
        "parent": ""
    },
    {
        "uuid": "05871a28-afba-45de-8d0e-6a0dc7a346fc",
        "class": "boxInput",
        "confidence": 0.46282464265823364,
        "bbox": [
            1706,
            216,
            2233,
            291
        ],
        "text": "",
        "parent": ""
    },
    {
        "uuid": "f1127bc0-393f-4959-ba7f-8c5ca043ae88",
        "class": "lineInput",
        "confidence": 0.36865338683128357,
        "bbox": [
            1427,
            2662,
            1965,
            2718
        ],
        "text": "",
        "parent": ""
    },
    {
        "uuid": "22fbcf55-bc00-4f78-8668-2f3191ee6ef2",
        "class": "lineInput",
        "confidence": 0.3612613379955292,
        "bbox": [
            1429,
            2733,
            2164,
            2797
        ],
        "text": "",
        "parent": ""
    },
    {
        "uuid": "c4132b86-bd3f-4334-9a0f-0b34bd1e4768",
        "class": "lineInput",
        "confidence": 0.3450714349746704,
        "bbox": [
            119,
            2809,
            2149,
            2882
        ],
        "text": "",
        "parent": ""
    },
    {
        "uuid": "d866dfe6-e8ec-474e-8e7b-f45641bbc4b8",
        "class": "lineInput",
        "confidence": 0.3286809027194977,
        "bbox": [
            767,
            1661,
            2192,
            1727
        ],
        "text": "",
        "parent": ""
    },
    {
        "uuid": "72d8eaff-65c9-4cc5-89aa-d5a3da6a4974",
        "class": "lineInput",
        "confidence": 0.3165976405143738,
        "bbox": [
            192,
            3037,
            702,
            3109
        ],
        "text": "",
        "parent": ""
    },
    {
        "uuid": "be240096-c4f5-4eb4-9a92-483e498512ec",
        "class": "lineInput",
        "confidence": 0.3116876780986786,
        "bbox": [
            1112,
            2902,
            1650,
            2960
        ],
        "text": "",
        "parent": ""
    },
    {
        "uuid": "d919a9f1-1df0-42ad-8448-cb62e37e0a25",
        "class": "lineInput",
        "confidence": 0.2956661581993103,
        "bbox": [
            1726,
            400,
            2230,
            462
        ],
        "text": "",
        "parent": ""
    },
    {
        "uuid": "e5e0b4c0-3157-42d5-bed2-a3bc22f749fa",
        "class": "lineInput",
        "confidence": 0.28276658058166504,
        "bbox": [
            942,
            387,
            1394,
            454
        ],
        "text": "",
        "parent": ""
    },
    {
        "id": "29015ee9-c2df-4813-a234-a87155e84472",
        "class": "EmptyInput",
        "confidence": 1,
        "bbox": [
            161,
            2955,
            655,
            3030
        ],
        "text": "",
        "parent": ""
    },
    {
        "id": "fb36ea0c-c495-4d98-9bd2-965c1e1c0d2a",
        "class": "EmptyInput",
        "confidence": 1,
        "bbox": [
            411,
            2654,
            1168,
            2722
        ],
        "text": "",
        "parent": ""
    },
    {
        "id": "d23399c1-fd90-4ebc-aa36-7381e1f936ea",
        "class": "checkBox",
        "confidence": 1,
        "bbox": [
            115,
            565,
            197,
            635
        ],
        "text": "",
        "parent": ""
    },
    {
        "id": "b5317b0a-0b13-4fb8-8a7a-97fe47ab4661",
        "class": "checkBox",
        "confidence": 1,
        "bbox": [
            422,
            570,
            508,
            636
        ],
        "text": "",
        "parent": ""
    },
    {
        "id": "d976e52a-f25b-4fc5-8da5-6f996ae9f0a4",
        "class": "EmptyInput",
        "confidence": 1,
        "bbox": [
            116,
            451,
            2164,
            530
        ],
        "text": "",
        "parent": ""
    },
    {
        "id": "3ce5fd34-3965-4b3b-9091-7ebebdd7e4c0",
        "class": "boxInput",
        "confidence": 1,
        "bbox": [
            412,
            1382,
            1480,
            1454
        ],
        "text": "",
        "parent": ""
    },
    {
        "id": "b9cc7c87-e8fa-44d6-94b7-ee5ca7459a1e",
        "class": "EmptyInput",
        "confidence": 1,
        "bbox": [
            116,
            267,
            652,
            356
        ],
        "text": "",
        "parent": ""
    }
]